{
  "roc_auc": 0.9997005208333333,
  "pr_auc": 0.9994848808277353
}