Mode,Accuracy,Macro Precision,Macro Recall,Macro F1
Argmax,0.99375,0.9937603906899418,0.99375,0.9937541601627502
Calibrated,0.99375,0.9937603906899418,0.99375,0.9937541601627502
