{
  "mean_kg_per_day": 3.9925905936711925,
  "total_kg": 26147.47579795264
}