{
  "roc_auc": 0.9971782986111112,
  "pr_auc": 0.9960827856744032
}