{
  "roc_auc": 0.5553378902121063,
  "best_threshold": 0.7661470174789429
}